court_id,address
1,"880 Monroe Hills Apt. 568, South Kellyfort, OK 47783"
2,"1816 Perez Parks, Buckland, NJ 55906"
3,"PSC 3613, Box 3356, APO AP 96636"
4,"395 Jacob Land Apt. 995, Port Jamesfurt, WY 46175"
5,"278 Caleb Highway Suite 313, South Jasonville, OK 80752"
6,"3986 Page Village Suite 221, East Nancy, KY 08881"
7,"562 Bartlett Park, Rebekahstad, OR 95767"
8,"88114 Albert Plains Suite 696, New Todd, VA 89758"
9,"60847 Hill Alley Suite 013, Hansonbury, AR 07755"
10,"336 Winters Pass Suite 570, Christophertown, AL 40903"