person_id,first_name,last_name,mob_no,address,date_of_birth
1,"Denise","Walker",7665926380,"896 Eric Well Apt. 789, South Thomaston, HI 93941",31-07-1983
2,"James","Chapman",4043059280,"0430 Brianna Wells Apt. 433, Port Amber, AZ 89846",12-09-2005
3,"Wesley","Edwards",6850528800,"7164 Shepard Green Apt. 812, Hartstad, NY 68847",05-10-1970
4,"Anna","Wolf",4874599595,"058 Baker Well Suite 857, South Mandy, PW 45507",03-05-1991
5,"Martha","Buck",7906221567,"35343 Glenn Road, North Matthewfurt, FL 75012",27-12-1971
6,"Jesse","Wood",7520817470,"1693 Alex Village, Port Tinastad, ID 12931",27-07-1979
7,"Brittany","Green",7145130941,"9228 Jonathan Throughway, East Nicholasfurt, MS 13120",09-08-1986
8,"Anthony","Gordon",4581128933,"08901 Kaufman Hollow Apt. 185, South Jessicachester, AS 51830",05-02-1975
9,"Linda","Cohen",9006512262,"Unit 9540 Box 6016, DPO AA 69985",13-12-1974
10,"Ariana","Rose",7159161012,"922 Paul Shore, Kingland, NC 15050",28-12-1966
11,"Gerald","Ross",5661797939,"638 Benjamin Curve Apt. 886, Hernandezfurt, MO 07258",25-11-1987
12,"Brittany","Mason",3009036148,"417 Hector Mews Suite 754, West Kristinview, RI 87612",30-05-1962
13,"David","Mueller",7664250956,"5600 Laura Hills, West Tracy, VI 07076",25-06-1974
14,"Megan","Evans",2150356707,"638 Wheeler Plaza Apt. 853, Port Allison, OH 60547",04-02-1974
15,"Stephanie","Smith",3029952404,"4804 Parker Inlet, West Mike, HI 81067",30-10-2005
16,"Elizabeth","Ross",2078327329,"777 Raymond Shoal, New Jamesmouth, ID 08590",18-04-1968
17,"David","Boyer",9203317801,"7062 Peter Courts, Yvonneville, UT 25449",29-06-1982
18,"Janice","Diaz",6840931699,"Unit 6804 Box 0765, DPO AA 34361",30-01-2002
19,"Jennifer","Pearson",1067498830,"1194 Richard Forge, Lutzmouth, NC 11544",29-05-1986
20,"Aaron","Briggs",8828846779,"61858 Hudson Junctions Suite 432, Taylormouth, MP 65187",06-12-1993
21,"Michael","Lopez",9243220761,"35761 Whitney Ramp, East Mariaborough, IA 44008",15-07-1983
22,"Dustin","Santiago",7837738564,"78922 Dillon Course Suite 437, Port John, TN 96677",13-03-1979
23,"Randy","Haley",5629812678,"987 Reyes Roads Apt. 235, Ericfurt, MT 21537",26-11-1959
24,"Katie","Lindsey",6669285559,"0638 Hernandez Road, Nielsenmouth, GA 15010",25-01-2005
25,"Bobby","Wood",4496013256,"918 Hannah Knoll Apt. 924, New Pennyburgh, TX 09600",23-09-1995
26,"Wanda","Hess",2479872182,"0745 Mann River Apt. 352, East Michelle, UT 55026",03-04-2001
27,"Richard","Cohen",5457803742,"6387 Nicole Bypass, West Christinaton, NY 59533",02-11-1986
28,"Ashley","Payne",8148187761,"46280 Smith Ramp Suite 158, Robinsonhaven, OH 46660",08-02-1973
29,"Kelly","Suarez",8683878087,"318 Garrett Lakes, Lake Tracey, MT 66010",18-11-1982
30,"Devin","White",3889361993,"51872 Amy Fords Suite 759, Ramosland, NJ 77217",28-10-1962
31,"Andrew","Garcia",1459891080,"396 Wilson Ports, Reyeshaven, MT 40522",02-03-1966
32,"Nancy","Frank",9108798932,"4665 Moss Points Suite 741, West Russellfurt, MI 53898",26-12-1986
33,"Allison","Guzman",2399431948,"33906 Montgomery Roads Suite 501, Juliastad, MS 47847",29-09-2003
34,"Logan","Cooper",7369224373,"5665 Michele Junctions, Kellerview, HI 49514",03-11-2003
35,"Jacqueline","Guerrero",4707466977,"49724 Steven Mountains, Port Brianna, IL 89366",05-04-1981
36,"Brenda","Harper",3285894940,"75319 Kaylee Courts, Heatherstad, MS 10899",15-12-1988
37,"Darryl","Rogers",4841152675,"Unit 1768 Box 7574, DPO AP 66282",25-04-1960
38,"Mackenzie","Young",7004372467,"USS Castaneda, FPO AA 07320",25-10-1988
39,"Breanna","Madden",4049394701,"080 Johnson Junctions, North Vincent, VI 91428",18-06-1978
40,"Angela","Price",4630264929,"021 Thomas Station, Angelamouth, AK 97027",04-12-1986
41,"John","Alexander",3747935002,"USNV Roberson, FPO AP 43626",02-02-2001
42,"Jamie","Boyer",4939050040,"39524 Richard Drives Apt. 905, Carolinefurt, NM 82650",02-11-1977
43,"Samantha","Garcia",9658315839,"9922 Daniel Junctions, New Christine, CT 15826",17-10-1962
44,"Justin","White",8905312725,"3468 Jason Plains Apt. 281, Moorestad, WI 16725",22-04-1978
45,"Robert","Nichols",9529629346,"941 Caroline Trail, Alexandramouth, HI 62671",02-11-1990
46,"Nicholas","Russell",9953862808,"81000 Washington Mall Apt. 030, East Steven, WY 16555",12-12-1981
47,"Kenneth","Jackson",2010018479,"2585 Ashley Trail, Rebeccaside, MA 75659",21-06-1982
48,"Jessica","Evans",6390280179,"27570 Whitney Shores, Davidside, OH 57800",19-11-1966
49,"Matthew","Grimes",3544526730,"81155 Theresa Fork, Katieville, KS 09648",29-01-1961
50,"Samantha","Gilmore",6646153722,"Unit 9543 Box 3303, DPO AP 97109",26-05-1972
51,"Michael","Cline",9766843121,"Unit 3840 Box 5615, DPO AP 16814",13-02-1991
52,"Daniel","David",2845884276,"4087 Michael Burg Suite 094, East Kevinhaven, LA 67333",06-04-1988
53,"Jonathon","Dunn",8710093725,"7292 Marshall Lake Apt. 988, Savannahborough, AL 55336",13-06-1990
54,"Brandon","Finley",7729371826,"Unit 6020 Box 4798, DPO AE 97601",03-02-1976
55,"Jacob","Lee",2787082698,"64473 Michael Point, Port Ryanport, SD 77274",09-08-1980
56,"Lauren","Duncan",2250699589,"3706 Alan Passage Apt. 703, North Sarah, OK 42368",07-04-1965
57,"Elizabeth","Thomas",6149873241,"884 Gibson Roads, Harmonmouth, WI 17424",25-08-1996
58,"Lynn","Horton",3710260110,"Unit 1185 Box 9815, DPO AA 34698",31-07-1981
59,"Kari","Santiago",5014554478,"661 Jennifer Plains Suite 905, East Jasonhaven, MS 61040",24-10-1999
60,"Matthew","Singleton",7200407176,"50040 Nicole Terrace Apt. 485, New Clairefurt, MD 79461",03-06-1984
61,"Derrick","Conner",6377312952,"94727 Mack Mill Suite 383, Paigeborough, KY 66595",01-07-1963
62,"Joel","Olson",3477090521,"138 Traci Spurs Suite 084, South Wendy, ND 85483",27-05-2001
63,"Jill","Rodriguez",7316004905,"99262 James Greens, Davenportview, MS 80782",08-09-1980
64,"Jasmine","Browning",4277066172,"64165 Christina Hollow Suite 322, South Patricia, CT 11812",09-10-1999
65,"Jason","Deleon",7596383133,"896 Andrews Ville, Adammouth, MP 52965",07-05-1972
66,"David","Brewer",3137848681,"9010 Hannah Lake Suite 143, Michaelside, OH 90012",25-02-1967
67,"Tammy","Garza",6428728690,"269 Jackson Creek Apt. 038, Lake Timothymouth, ND 87560",16-08-1966
68,"Fernando","Richardson",9141862583,"841 Steven Trail Suite 053, Bobbyport, GA 86821",04-04-1989
69,"Timothy","Mills",6059205320,"798 Autumn Mount, East Danielle, MH 07759",03-09-1991
70,"Gary","Davis",5784177523,"427 Gonzalez Junctions Apt. 847, Princebury, SD 43859",09-10-1971
71,"Alexis","Brooks",5056763636,"547 Arnold Isle Suite 780, Troyfurt, GU 59485",16-07-1968
72,"Deborah","Bird",9582315467,"8174 Roman Divide, Paulaton, TN 80502",07-03-1963
73,"Grace","Duncan",8062504270,"PSC 8614, Box 6233, APO AE 76547",29-06-1979
74,"Gregory","Cox",7725054374,"426 Turner Lodge, Port Kevin, NH 98701",11-03-1982
75,"William","Kim",5811248311,"27347 Anthony Freeway, Timothyport, LA 05190",11-06-2004
76,"John","Barnes",9253723547,"5057 Timothy Road Apt. 202, East Ianview, AS 85112",08-12-1978
77,"Evan","Gates",3087554828,"893 Leonard Road, North Bobbymouth, DE 80667",10-08-2001
78,"John","Jennings",4133595318,"592 Gill Ridges, South Joseph, OR 37438",24-12-2004
79,"Krystal","Lee",9129007241,"728 Foster Crossing, Port Matthew, ME 88163",12-08-1995
80,"Anthony","Stewart",8394663697,"3395 Moore Dale Suite 776, Emilyfort, MO 20036",17-12-1981
81,"Heather","Gonzalez",2792395547,"011 Edwards Viaduct Suite 479, Baileytown, WA 24672",12-12-1961
82,"Eric","Mitchell",8981037855,"09864 Elizabeth Gardens, Alexisfort, MH 35526",30-11-1995
83,"Jessica","Clark",7523152182,"78238 Mcmahon Trail, Williamsmouth, IN 57584",17-09-1977
84,"Kelly","Holt",1367647863,"5066 Joe Cliff Apt. 383, South Stacyfurt, MD 99462",05-07-1999
85,"David","Williams",9050427597,"2642 Brown Hill Suite 030, West Ashley, DC 40406",19-09-1993
86,"Alexander","Wilson",1593869139,"9051 Christine Mews Apt. 025, Gileshaven, WI 63384",14-10-1976
87,"Carla","Barajas",9520467964,"61283 Allen Fields Suite 645, Jonathanchester, PR 80262",27-04-1968
88,"Joseph","Campbell",6478582691,"5558 Dennis Shores Suite 171, Matthewberg, SD 25429",28-03-1984
89,"Carly","Garcia",9996127453,"849 Kristin Drive Suite 591, New Sarahfurt, WI 18177",30-06-1970
90,"Carrie","Miller",1163235540,"48895 Hess Turnpike, West Mariachester, NH 66329",18-02-1971
91,"Richard","Harris",1422573534,"12199 Susan Divide, Lake Russellfurt, WY 50649",22-08-1963
92,"Cody","Lynch",5162462696,"5040 Hooper Avenue, New Rodneyburgh, AL 52530",21-05-1997
93,"Lisa","Goodman",6086445704,"56978 Thomas Viaduct Suite 141, Spencerside, NE 97989",27-12-2000
94,"Harold","Zamora",6060176110,"17977 Andrea Crossing Apt. 323, Tammyside, GU 33366",12-08-2000
95,"John","Hernandez",3591333672,"01829 House Ranch, Port Ericaton, LA 49759",28-05-1964
96,"Amy","Barnes",4287771052,"1396 Holly Mount Apt. 609, West Steven, NV 15509",18-08-1993
97,"Cheryl","Mcconnell",7515569213,"193 Rowe Causeway Suite 662, West Chasemouth, RI 95817",04-02-1964
98,"Megan","Moore",8865891394,"3977 Brittany Mountain, Melissaberg, NM 40924",25-08-1985
99,"Gerald","Owens",1303711210,"Unit 4682 Box 2060, DPO AP 90810",11-06-1982
100,"Stephen","Mcdaniel",5028347229,"257 Potter Avenue Suite 124, Port Joshualand, GU 05898",28-08-1987